{
  "LogisticRegression": {
    "accuracy": 0.8615196078431373,
    "precision": 0.870648642821903,
    "recall": 0.8615196078431373,
    "f1": 0.8647421064937945
  },
  "ComplementNB": {
    "accuracy": 0.8166666666666668,
    "precision": 0.8577250267005662,
    "recall": 0.8166666666666668,
    "f1": 0.8288257573273409
  },
  "DecisionTree": {
    "accuracy": 0.7892156862745099,
    "precision": 0.7850245775986755,
    "recall": 0.7892156862745099,
    "f1": 0.7865074910629953
  },
  "RandomForest": {
    "accuracy": 0.843872549019608,
    "precision": 0.8608583042602511,
    "recall": 0.843872549019608,
    "f1": 0.8494440294526046
  },
  "GradientBoosting": {
    "accuracy": 0.8490196078431372,
    "precision": 0.8467470476708103,
    "recall": 0.8490196078431372,
    "f1": 0.8457344736796424
  },
  "MLP": {
    "accuracy": 0.8448529411764705,
    "precision": 0.8428473883550781,
    "recall": 0.8448529411764705,
    "f1": 0.8425265008615878
  },
  "LSTM": {
    "accuracy": 0.8186274509803921,
    "precision": 0.8299507104346349,
    "recall": 0.8186274509803921,
    "f1": 0.8216691453926486
  },
  "GRU": {
    "accuracy": 0.8137254901960784,
    "precision": 0.8050014186914212,
    "recall": 0.8137254901960784,
    "f1": 0.8028325046131589
  }
}