{
  "LogisticRegression": {
    "accuracy": 0.8627450980392157,
    "precision": 0.8743170137582381,
    "recall": 0.8627450980392157,
    "f1": 0.8670062270515275
  },
  "ComplementNB": {
    "accuracy": 0.8098039215686275,
    "precision": 0.8541656714217638,
    "recall": 0.8098039215686275,
    "f1": 0.8217720945373592
  },
  "DecisionTree": {
    "accuracy": 0.7970588235294118,
    "precision": 0.7977082117365241,
    "recall": 0.7970588235294118,
    "f1": 0.7973706093336008
  },
  "RandomForest": {
    "accuracy": 0.8470588235294118,
    "precision": 0.8667645352018607,
    "recall": 0.8470588235294118,
    "f1": 0.8532780252797149
  },
  "GradientBoosting": {
    "accuracy": 0.85,
    "precision": 0.8457238097319586,
    "recall": 0.85,
    "f1": 0.8456829485333697
  },
  "MLP": {
    "accuracy": 0.8352941176470589,
    "precision": 0.8357263068768552,
    "recall": 0.8352941176470589,
    "f1": 0.8339260381434479
  },
  "LSTM": {
    "accuracy": 0.8166666666666667,
    "precision": 0.8106926262895121,
    "recall": 0.8166666666666667,
    "f1": 0.8076126095316221
  },
  "GRU": {
    "accuracy": 0.8058823529411765,
    "precision": 0.812503795137679,
    "recall": 0.8058823529411765,
    "f1": 0.8041949353316409
  }
}